Name,Last name,Date of Birth,Race,Phone Number,Email
Freddy,Renner,02/22/1967,hispanic,378-859-8348,freddy56@gmail.com
Alba,White,12/19/1956,black,(199) 973-7676,alba38@hotmail.com
Owen,Botsford,05/10/1986,black,691-597-9403,owen83@hotmail.com
Lora,Beer,03/15/1994,hispanic,348.539.9840,lora81@gmail.com
Vernon,Hagenes,05/12/2000,other,192.239.5229,vernon64@hotmail.com
Neville,Pagac,09/06/1969,asian,(180) 452-6662,neville82@yahoo.com
Alyce,Stoltenberg,10/26/1982,asian,210-313-5759,alyce18@yahoo.com
Kalyn,Hammes,10/10/1990,white,869-797-8932,kalyn69@yahoo.com
Barney,Sauer,09/08/1980,black,040-112-0731,barney53@hotmail.com
Porter,Kris,10/20/1970,white,1-841-126-6650,porter62@gmail.com
Armida,Mills,09/17/1976,asian,790-740-2801,armida88@gmail.com
Larry,Goodwin,08/03/2001,other,1-258-359-2715,larry44@gmail.com
Britt,Zemlak,01/14/1978,other,322.767.1651,britt11@gmail.com
David,Nader,06/19/1977,hispanic,(315) 907-0854,david73@yahoo.com
James,Rosenbaum,05/28/1970,black,1-461-555-5129,james88@hotmail.com
January,Crona,04/15/1991,other,1-550-178-0967,january58@hotmail.com
Clare,Thiel,10/05/1998,asian,888.794.1995,clare20@gmail.com
Dell,West,12/18/1961,white,1-568-152-9291,dell00@gmail.com
Lasandra,Rohan,11/01/1960,asian,1-094-795-7317,lasandra35@gmail.com
Cleotilde,Luettgen,03/23/1992,hispanic,(797) 994-8738,cleotilde53@yahoo.com
Jaime,Lynch,02/15/1978,hispanic,248.155.6756,jaime88@gmail.com
Trudy,Harris,03/21/1958,black,309.215.6000,trudy53@gmail.com
Dovie,Stamm,03/30/1999,white,(222) 499-0969,dovie17@yahoo.com
Francesco,Hermiston,09/07/1992,hispanic,(492) 689-1208,francesco05@hotmail.com
Elisha,Durgan,06/24/1988,white,(351) 347-7940,elisha39@hotmail.com
Samual,Hagenes,06/03/1966,black,372.113.7956,samual65@yahoo.com
Cecil,Fisher,10/12/1985,asian,259.159.9811,cecil18@hotmail.com
Michaela,Veum,03/10/1996,asian,(429) 020-7766,michaela84@yahoo.com
Brian,Kuphal,05/26/2000,white,(226) 207-5476,brian66@gmail.com
Janella,Predovic,11/24/2000,other,488-564-3518,janella25@gmail.com
Douglass,Kihn,09/09/1993,hispanic,1-857-812-2818,douglass63@yahoo.com
Wallace,Ondricka,07/03/1980,asian,1-117-045-8298,wallace70@gmail.com
Adan,Marquardt,10/22/1960,black,688-946-0557,adan41@gmail.com
Philip,Schuster,05/15/2002,other,349.034.1164,philip78@yahoo.com
Walter,Strosin,02/11/1985,white,(384) 630-4915,walter66@gmail.com
Lawanna,Prosacco,12/22/1972,white,(085) 418-7889,lawanna71@hotmail.com
Sau,Lynch,10/24/1982,other,771-951-1187,sau60@yahoo.com
Glady,Stamm,04/02/2002,black,103.789.5887,glady22@gmail.com
Evita,Kohler,12/11/1995,hispanic,956.789.6804,evita13@yahoo.com
Tierra,Towne,11/05/1981,other,1-836-444-0831,tierra73@gmail.com
Floretta,Schmidt,02/08/1990,black,671.357.5325,floretta57@hotmail.com
Genaro,Leuschke,04/27/1957,hispanic,(245) 496-3242,genaro15@hotmail.com
Augustus,Huel,03/18/1985,hispanic,(988) 034-1937,augustus37@hotmail.com
David,Bernhard,07/07/1973,black,723-175-5986,david52@yahoo.com
Jose,Lesch,07/24/1961,white,(231) 699-2562,jose69@yahoo.com
Logan,Flatley,12/31/1956,hispanic,270-761-2899,logan63@yahoo.com
Eldon,Farrell,09/26/1983,white,1-934-043-1024,eldon40@hotmail.com
Imogene,Mertz,02/15/1976,other,013.606.2537,imogene78@hotmail.com
Terry,Heller,08/13/1992,white,1-949-756-7045,terry58@yahoo.com
Juliane,Hoppe,10/19/1999,white,(214) 557-2931,juliane10@yahoo.com
Mayra,Wilderman,08/24/1987,white,953-384-0681,mayra61@yahoo.com
Barbra,Sporer,09/14/1959,black,1-501-824-1278,barbra17@gmail.com
Madalyn,Hahn,01/12/1966,white,(812) 682-1447,madalyn33@yahoo.com
Leif,Hintz,05/14/1977,other,1-511-300-7498,leif74@gmail.com
Shauna,Reichel,02/28/1993,black,128.487.0066,shauna72@hotmail.com
Vicki,Labadie,05/27/1971,other,(701) 663-3596,vicki45@gmail.com
Columbus,Kemmer,04/21/1990,hispanic,1-975-504-9886,columbus47@hotmail.com
Tonja,Schroeder,11/10/2000,asian,216.794.9039,tonja29@gmail.com
Zelma,Kub,01/27/1957,white,1-906-923-1204,zelma04@yahoo.com
Evelyne,Carroll,07/25/1979,asian,1-398-648-8808,evelyne24@yahoo.com
Geoffrey,Goodwin,05/31/1983,hispanic,283.141.8005,geoffrey00@gmail.com
Bryon,DuBuque,12/14/1974,other,267.369.7688,bryon35@hotmail.com
Karl,Bogisich,06/20/1994,asian,1-942-721-9517,karl65@gmail.com
Cedric,Murray,12/31/1989,other,(641) 056-6984,cedric34@gmail.com
Tim,Windler,10/01/2002,asian,880-328-1985,tim75@hotmail.com
Lesha,Mosciski,11/17/1992,other,162.541.3737,lesha26@yahoo.com
Robin,West,08/23/1998,white,267-557-3854,robin81@hotmail.com
Lynell,Koch,06/15/1982,white,1-650-081-4986,lynell75@hotmail.com
Dell,Wisoky,01/15/2001,hispanic,1-040-682-1285,dell85@hotmail.com
Renna,Bailey,04/22/1985,hispanic,1-214-523-5838,renna23@hotmail.com
Cherri,Gutkowski,12/16/2001,white,(771) 618-4023,cherri42@yahoo.com
Tora,Boyer,07/26/1986,hispanic,905-018-4546,tora04@yahoo.com
Madelaine,Reilly,10/25/1988,asian,317-215-6880,madelaine39@yahoo.com
Fawn,Zulauf,06/01/1961,white,1-735-844-1047,fawn48@hotmail.com
Hai,Hartmann,09/15/1965,other,1-644-736-2703,hai51@yahoo.com
Suk,Gleason,08/20/1974,other,(721) 259-5193,suk06@yahoo.com
Starr,Boyer,04/18/1990,other,017.575.7603,starr03@yahoo.com
Edward,Windler,05/10/2000,asian,236-234-8404,edward40@yahoo.com
Dina,Bergstrom,07/11/1994,black,002.835.2162,dina65@yahoo.com
Kelly,Tremblay,11/03/1998,black,908.166.6166,kelly18@hotmail.com
Harry,D'Amore,09/09/1963,other,(327) 356-1228,harry18@hotmail.com
Eric,Volkman,10/08/1961,hispanic,899.260.9308,eric85@yahoo.com
Freddie,Greenfelder,02/08/1958,asian,067-436-7185,freddie38@yahoo.com
Tera,West,01/22/1967,white,621.189.8411,tera02@yahoo.com
Carmelo,Becker,11/04/1974,hispanic,1-419-754-5402,carmelo74@gmail.com
Catheryn,Ruecker,09/01/1958,asian,333.911.9353,catheryn82@yahoo.com
Shay,Quigley,10/13/1965,other,758-568-5677,shay73@yahoo.com
Summer,Mitchell,12/11/1974,black,(996) 668-0999,summer21@yahoo.com
Merrill,Borer,09/03/1967,black,(032) 360-1836,merrill93@hotmail.com
Buford,Ward,05/19/1980,other,744-445-0703,buford28@gmail.com
Zonia,Luettgen,03/29/1972,hispanic,(479) 675-9134,zonia37@yahoo.com
Mammie,Hackett,03/09/1971,black,(651) 608-4898,mammie38@yahoo.com
Angeles,Kuhic,09/18/1988,hispanic,1-769-598-8456,angeles32@hotmail.com
Basilia,Schmitt,08/02/2000,hispanic,(071) 966-6349,basilia20@hotmail.com
Fausto,Price,01/02/2001,white,1-628-167-4349,fausto83@hotmail.com
Manuel,Osinski,09/24/1988,other,1-511-566-4033,manuel82@yahoo.com
Chrystal,Dickens,05/12/2001,black,(813) 678-7826,chrystal30@gmail.com
Norene,Spencer,12/21/1991,black,605.598.7050,norene70@yahoo.com
Roxane,Wisoky,04/18/1958,white,(312) 078-7738,roxane02@hotmail.com
Celinda,Balistreri,12/18/1968,other,(016) 716-9029,celinda75@gmail.com
